{"num_total": 160, "num_labeled": 160, "has_both_classes": true, "auroc": 0.9709375, "auprc": 0.9613935373172445, "calibration": [{"bin_lo": 0.0, "bin_hi": 0.25, "avg_confidence": 0.196, "empirical_positive_rate": 0.0, "n": 15}, {"bin_lo": 0.25, "bin_hi": 0.5, "avg_confidence": 0.3636206896551724, "empirical_positive_rate": 0.6724137931034483, "n": 116}, {"bin_lo": 0.5, "bin_hi": 0.75, "avg_confidence": 0.5, "empirical_positive_rate": 0.07142857142857142, "n": 28}]}