{
  "tag": "tcga_coadread",
  "generated_at": "2026-01-02T01:43:26Z",
  "cohort": "/Users/fahadkiani/Desktop/development/crispr-assistant-main/oncology-coPilot/oncology-backend-minimal/biomarker_enriched_cohorts/data/coadread_tcga_pan_can_atlas_2018_enriched_v1.json",
  "cohort_sha256": "8d78e14e30bccba3697fc2906b54881900015c534d416e88c87d12487274bee1",
  "endpoint": {
    "time_col": "os_days",
    "event_col": "os_event"
  },
  "tmb_threshold": 20.0,
  "min_group_size": 20,
  "results": {
    "tmb_only": {
      "n": 530,
      "n_positive": 77,
      "n_negative": 453,
      "events": 110,
      "logrank_p": 0.9310311851606123,
      "logrank_stat": 0.007490472586056059,
      "median_days_negative": 2822.901256035625,
      "median_days_positive": 2135.438241671875,
      "cox_hr_pos_vs_neg": 1.0232572221883556,
      "cox_ci": [
        0.6095248685305454,
        1.7178221871158288
      ],
      "cox_p": 0.9306875513717233,
      "approx_logrank_power": 0.030396845343576732
    },
    "msi_only": {
      "n": 588,
      "n_positive": 107,
      "n_negative": 481,
      "events": 120,
      "logrank_p": 0.7564597234812129,
      "logrank_stat": 0.0961825549751063,
      "median_days_negative": 2476.66806394375,
      "median_days_positive": 2135.438241671875,
      "cox_hr_pos_vs_neg": 0.9266556019392804,
      "cox_ci": [
        0.5730793729137873,
        1.498379884516677
      ],
      "cox_p": 0.7560482603141684,
      "approx_logrank_power": 0.05070877539133118
    },
    "or_gate": {
      "n": 590,
      "n_positive": 116,
      "n_negative": 474,
      "events": 120,
      "logrank_p": 0.6228467208421251,
      "logrank_stat": 0.24188673955625212,
      "median_days_negative": 2476.66806394375,
      "median_days_positive": 2135.438241671875,
      "cox_hr_pos_vs_neg": 0.8884496097151585,
      "cox_ci": [
        0.5545009907873045,
        1.4235190236220758
      ],
      "cox_p": 0.6228903909593035,
      "approx_logrank_power": 0.0742258612013107
    }
  },
  "notes": [
    "Baseline comparison is a cohort suitability sanity-check for IO biomarker prevalence/power.",
    "Not a claim of IO treatment benefit."
  ]
}
