{
  "bootstrap": {
    "emt_score": {
      "auroc": {
        "mean": 0.6536025460930641,
        "p025": 0.5298507462686567,
        "p50": 0.6545215100965759,
        "p975": 0.7704126426690079
      },
      "prauc": {
        "mean": 0.5542095836770599,
        "p025": 0.42292004745833384,
        "p50": 0.5532431446938983,
        "p975": 0.6923994746074363
      }
    },
    "mfap4": {
      "auroc": {
        "mean": 0.7637681299385426,
        "p025": 0.6536325724319577,
        "p50": 0.7651448639157156,
        "p975": 0.8674385425812113
      },
      "prauc": {
        "mean": 0.6432237369673345,
        "p025": 0.5079058413133247,
        "p50": 0.6414761546700456,
        "p975": 0.7816310620099384
      }
    }
  },
  "counts": {
    "n": 101,
    "n_neg_sensitive": 67,
    "n_pos_resistant": 34
  },
  "dataset": "GSE63885",
  "point_estimates": {
    "auroc_emt_score": 0.6532045654082529,
    "auroc_mfap4": 0.7625109745390694,
    "auroc_snai1": 0.6057945566286216,
    "prauc_emt_score": 0.5417587964586601,
    "prauc_mfap4": 0.6289828955554697,
    "prauc_snai1": 0.4262881341259969
  }
}