{
  "dataset": "GSE63885",
  "n_samples": 101,
  "n_resistant": 34,
  "n_sensitive": 67,
  "emt_score_auroc": 0.6532045654082529,
  "emt_score_auroc_orientation": "high EMT \u2192 resistant",
  "individual_gene_aurocs": {
    "MFAP4": 0.7625109745390694,
    "EFEMP1": 0.5917471466198418,
    "VIM": 0.5109745390693591,
    "CDH1": 0.5605794556628622,
    "SNAI1": 0.6057945566286216
  },
  "cv_auroc_mean": 0.7152537938252224,
  "cv_auroc_std": 0.17937931654853892,
  "cv_folds": [
    0.37755102040816324,
    0.7032967032967032,
    0.7692307692307692,
    0.8571428571428571,
    0.869047619047619
  ]
}