{
  "SP": {
    "ece": 0.529,
    "mce": 0.529,
    "bin_accuracies": [
      0.0,
      0.0,
      0.0,
      0.0,
      1.0,
      0.0,
      0.0,
      0.0,
      0.0,
      0.0
    ],
    "bin_confidences": [
      0.05,
      0.15000000000000002,
      0.25,
      0.35000000000000003,
      0.471,
      0.55,
      0.6500000000000001,
      0.75,
      0.8500000000000001,
      0.95
    ],
    "bin_counts": [
      0,
      0,
      0,
      0,
      5,
      0,
      0,
      0,
      0,
      0
    ]
  },
  "SPE": {
    "ece": 0.479,
    "mce": 0.479,
    "bin_accuracies": [
      0.0,
      0.0,
      0.0,
      0.0,
      0.0,
      1.0,
      0.0,
      0.0,
      0.0,
      0.0
    ],
    "bin_confidences": [
      0.05,
      0.15000000000000002,
      0.25,
      0.35000000000000003,
      0.45,
      0.521,
      0.6500000000000001,
      0.75,
      0.8500000000000001,
      0.95
    ],
    "bin_counts": [
      0,
      0,
      0,
      0,
      0,
      5,
      0,
      0,
      0,
      0
    ]
  }
}